<?xml version='1.0' encoding='UTF-8'?>
<types:mule xmlns:types="http://www.mulesoft.org/schema/mule/types">
  <types:catalog>
    <types:type name="auto_4ab5d9b0-43c9-4e7f-96c3-312359a3728c_Input-Payload" format="java">
      <types:shape format="weave" example="weave/autogenerated/4ab5d9b0-43c9-4e7f-96c3-312359a3728c/Input-Payload.wev" autogeneratedOrigin="0f5af31d-1f6b-4d18-bb7a-27b945928957"><![CDATA[%dw 2.0

type auto_4ab5d9b0_43c9_4e7f_96c3_312359a3728c_Input_Payload = Any

]]></types:shape>
    </types:type>
    <types:type name="auto_e5cff561-1587-458e-88b5-14ffd44650c3_Input-Payload" format="java">
      <types:shape format="weave" example="weave/autogenerated/e5cff561-1587-458e-88b5-14ffd44650c3/Input-Payload.wev" autogeneratedOrigin="67a6da2e-93bf-4dbb-8b86-2f5313846d21"><![CDATA[%dw 2.0

type auto_e5cff561_1587_458e_88b5_14ffd44650c3_Input_Payload = Any

]]></types:shape>
    </types:type>
    <types:type name="auto_4ab5d9b0-43c9-4e7f-96c3-312359a3728c_Input-Attributes" format="java">
      <types:shape format="weave" example="weave/autogenerated/4ab5d9b0-43c9-4e7f-96c3-312359a3728c/Input-Attributes.wev" autogeneratedOrigin="0f5af31d-1f6b-4d18-bb7a-27b945928957"><![CDATA[%dw 2.0

type auto_4ab5d9b0_43c9_4e7f_96c3_312359a3728c_Input_Attributes = {|
  listenerPath: String, 
  rawRequestPath: String, 
  relativePath: String, 
  maskedRequestPath: String, 
  version: String, 
  scheme: String, 
  method: String, 
  requestUri: String, 
  rawRequestUri: String, 
  queryString: String, 
  localAddress: String, 
  remoteAddress: String, 
  clientCertificate?: java_security_cert_Certificate, 
  queryParams: { _?: String }, 
  uriParams: { _?: String }, 
  requestPath: String, 
  headers: { _?: String }
|} {"typeAlias": "HttpRequestAttributes",
"typeId": "org.mule.extension.http.api.HttpRequestAttributes"}
type java_security_cert_Certificate = {|
  encoded?: Binary, 
  publicKey?: java_security_PublicKey, 
  "type"?: String
|} {"typeAlias": "Certificate",
"typeId": "java.security.cert.Certificate"}
type java_security_PublicKey = {|  |} {"typeAlias": "PublicKey",
"typeId": "java.security.PublicKey"}





]]></types:shape>
    </types:type>
    <types:type name="auto_e5cff561-1587-458e-88b5-14ffd44650c3_Input-Attributes" format="java">
      <types:shape format="weave" example="weave/autogenerated/e5cff561-1587-458e-88b5-14ffd44650c3/Input-Attributes.wev" autogeneratedOrigin="67a6da2e-93bf-4dbb-8b86-2f5313846d21"><![CDATA[%dw 2.0

type auto_e5cff561_1587_458e_88b5_14ffd44650c3_Input_Attributes = {|
  listenerPath: String, 
  rawRequestPath: String, 
  relativePath: String, 
  maskedRequestPath: String, 
  version: String, 
  scheme: String, 
  method: String, 
  requestUri: String, 
  rawRequestUri: String, 
  queryString: String, 
  localAddress: String, 
  remoteAddress: String, 
  clientCertificate?: java_security_cert_Certificate, 
  queryParams: { _?: String }, 
  uriParams: { _?: String }, 
  requestPath: String, 
  headers: { _?: String }
|} {"typeAlias": "HttpRequestAttributes",
"typeId": "org.mule.extension.http.api.HttpRequestAttributes"}
type java_security_cert_Certificate = {|
  encoded?: Binary, 
  publicKey?: java_security_PublicKey, 
  "type"?: String
|} {"typeAlias": "Certificate",
"typeId": "java.security.cert.Certificate"}
type java_security_PublicKey = {|  |} {"typeAlias": "PublicKey",
"typeId": "java.security.PublicKey"}





]]></types:shape>
    </types:type>
    <types:type name="auto_4ab5d9b0-43c9-4e7f-96c3-312359a3728c_Output-Payload" format="java">
      <types:shape format="raml" autogeneratedOrigin="0f5af31d-1f6b-4d18-bb7a-27b945928957"><![CDATA[#%RAML 1.0 DataType
type: string]]></types:shape>
    </types:type>
    <types:type name="auto_e5cff561-1587-458e-88b5-14ffd44650c3_Output-Payload" format="java">
      <types:shape format="raml" autogeneratedOrigin="67a6da2e-93bf-4dbb-8b86-2f5313846d21"><![CDATA[#%RAML 1.0 DataType
type: string]]></types:shape>
    </types:type>
    <types:type name="auto_e5cff561-1587-458e-88b5-14ffd44650c3_Output-Attributes" format="java">
      <types:shape format="weave" example="weave/autogenerated/e5cff561-1587-458e-88b5-14ffd44650c3/Output-Attributes.wev" autogeneratedOrigin="67a6da2e-93bf-4dbb-8b86-2f5313846d21"><![CDATA[%dw 2.0

type auto_e5cff561_1587_458e_88b5_14ffd44650c3_Output_Attributes = {|
  listenerPath: String, 
  rawRequestPath: String, 
  relativePath: String, 
  maskedRequestPath: String, 
  version: String, 
  scheme: String, 
  method: String, 
  requestUri: String, 
  rawRequestUri: String, 
  queryString: String, 
  localAddress: String, 
  remoteAddress: String, 
  clientCertificate?: java_security_cert_Certificate, 
  queryParams: { _?: String }, 
  uriParams: { _?: String }, 
  requestPath: String, 
  headers: { _?: String }
|} {"typeAlias": "HttpRequestAttributes",
"typeId": "org.mule.extension.http.api.HttpRequestAttributes"}
type java_security_cert_Certificate = {|
  encoded?: Binary, 
  publicKey?: java_security_PublicKey, 
  "type"?: String
|} {"typeAlias": "Certificate",
"typeId": "java.security.cert.Certificate"}
type java_security_PublicKey = {|  |} {"typeAlias": "PublicKey",
"typeId": "java.security.PublicKey"}





]]></types:shape>
    </types:type>
    <types:type name="auto_23e0b38b-82f7-44db-9f32-f181f87158f2_Input-Payload" format="java">
      <types:shape format="weave" example="weave/autogenerated/23e0b38b-82f7-44db-9f32-f181f87158f2/Input-Payload.wev" autogeneratedOrigin="5c3d5931-6386-4145-b5ca-54df2aded689"><![CDATA[%dw 2.0

type auto_23e0b38b_82f7_44db_9f32_f181f87158f2_Input_Payload = Any

]]></types:shape>
    </types:type>
    <types:type name="auto_d6efbc0c-d6f2-4d98-9b20-3aad682c80ca_Input-Payload" format="java">
      <types:shape format="weave" example="weave/autogenerated/d6efbc0c-d6f2-4d98-9b20-3aad682c80ca/Input-Payload.wev" autogeneratedOrigin="411b3bf0-744e-4574-9438-599f56eac0b7"><![CDATA[%dw 2.0

type auto_d6efbc0c_d6f2_4d98_9b20_3aad682c80ca_Input_Payload = Any

]]></types:shape>
    </types:type>
    <types:type name="auto_23e0b38b-82f7-44db-9f32-f181f87158f2_Input-Attributes" format="java">
      <types:shape format="weave" example="weave/autogenerated/23e0b38b-82f7-44db-9f32-f181f87158f2/Input-Attributes.wev" autogeneratedOrigin="5c3d5931-6386-4145-b5ca-54df2aded689"><![CDATA[%dw 2.0

type auto_23e0b38b_82f7_44db_9f32_f181f87158f2_Input_Attributes = {|
  listenerPath: String, 
  rawRequestPath: String, 
  relativePath: String, 
  maskedRequestPath: String, 
  version: String, 
  scheme: String, 
  method: String, 
  requestUri: String, 
  rawRequestUri: String, 
  queryString: String, 
  localAddress: String, 
  remoteAddress: String, 
  clientCertificate?: java_security_cert_Certificate, 
  queryParams: { _?: String }, 
  uriParams: { _?: String }, 
  requestPath: String, 
  headers: { _?: String }
|} {"typeAlias": "HttpRequestAttributes",
"typeId": "org.mule.extension.http.api.HttpRequestAttributes"}
type java_security_cert_Certificate = {|
  encoded?: Binary, 
  publicKey?: java_security_PublicKey, 
  "type"?: String
|} {"typeAlias": "Certificate",
"typeId": "java.security.cert.Certificate"}
type java_security_PublicKey = {|  |} {"typeAlias": "PublicKey",
"typeId": "java.security.PublicKey"}





]]></types:shape>
    </types:type>
    <types:type name="auto_23e0b38b-82f7-44db-9f32-f181f87158f2_Output-Payload" format="java">
      <types:shape format="raml" autogeneratedOrigin="5c3d5931-6386-4145-b5ca-54df2aded689"><![CDATA[#%RAML 1.0 DataType
type: string]]></types:shape>
    </types:type>
    <types:type name="auto_d6efbc0c-d6f2-4d98-9b20-3aad682c80ca_Input-Attributes" format="java">
      <types:shape format="weave" example="weave/autogenerated/d6efbc0c-d6f2-4d98-9b20-3aad682c80ca/Input-Attributes.wev" autogeneratedOrigin="411b3bf0-744e-4574-9438-599f56eac0b7"><![CDATA[%dw 2.0

type auto_d6efbc0c_d6f2_4d98_9b20_3aad682c80ca_Input_Attributes = {|
  listenerPath: String, 
  rawRequestPath: String, 
  relativePath: String, 
  maskedRequestPath: String, 
  version: String, 
  scheme: String, 
  method: String, 
  requestUri: String, 
  rawRequestUri: String, 
  queryString: String, 
  localAddress: String, 
  remoteAddress: String, 
  clientCertificate?: java_security_cert_Certificate, 
  queryParams: { _?: String }, 
  uriParams: { _?: String }, 
  requestPath: String, 
  headers: { _?: String }
|} {"typeAlias": "HttpRequestAttributes",
"typeId": "org.mule.extension.http.api.HttpRequestAttributes"}
type java_security_cert_Certificate = {|
  encoded?: Binary, 
  publicKey?: java_security_PublicKey, 
  "type"?: String
|} {"typeAlias": "Certificate",
"typeId": "java.security.cert.Certificate"}
type java_security_PublicKey = {|  |} {"typeAlias": "PublicKey",
"typeId": "java.security.PublicKey"}





]]></types:shape>
    </types:type>
    <types:type name="auto_d6efbc0c-d6f2-4d98-9b20-3aad682c80ca_Output-Payload" format="java">
      <types:shape format="raml" autogeneratedOrigin="411b3bf0-744e-4574-9438-599f56eac0b7"><![CDATA[#%RAML 1.0 DataType
type: string]]></types:shape>
    </types:type>
    <types:type name="auto_23e0b38b-82f7-44db-9f32-f181f87158f2_Output-Attributes" format="java">
      <types:shape format="weave" example="weave/autogenerated/23e0b38b-82f7-44db-9f32-f181f87158f2/Output-Attributes.wev" autogeneratedOrigin="5c3d5931-6386-4145-b5ca-54df2aded689"><![CDATA[%dw 2.0

type auto_23e0b38b_82f7_44db_9f32_f181f87158f2_Output_Attributes = {|
  listenerPath: String, 
  rawRequestPath: String, 
  relativePath: String, 
  maskedRequestPath: String, 
  version: String, 
  scheme: String, 
  method: String, 
  requestUri: String, 
  rawRequestUri: String, 
  queryString: String, 
  localAddress: String, 
  remoteAddress: String, 
  clientCertificate?: java_security_cert_Certificate, 
  queryParams: { _?: String }, 
  uriParams: { _?: String }, 
  requestPath: String, 
  headers: { _?: String }
|} {"typeAlias": "HttpRequestAttributes",
"typeId": "org.mule.extension.http.api.HttpRequestAttributes"}
type java_security_cert_Certificate = {|
  encoded?: Binary, 
  publicKey?: java_security_PublicKey, 
  "type"?: String
|} {"typeAlias": "Certificate",
"typeId": "java.security.cert.Certificate"}
type java_security_PublicKey = {|  |} {"typeAlias": "PublicKey",
"typeId": "java.security.PublicKey"}





]]></types:shape>
    </types:type>
    <types:type name="auto_a7aed0bd-de5c-4e40-99ba-a55cf96cd7ba_Input-Payload" format="java">
      <types:shape format="weave" example="weave/autogenerated/a7aed0bd-de5c-4e40-99ba-a55cf96cd7ba/Input-Payload.wev" autogeneratedOrigin="a90a1df3-567b-4e9f-b626-58e445219d21"><![CDATA[%dw 2.0

type auto_a7aed0bd_de5c_4e40_99ba_a55cf96cd7ba_Input_Payload = Any

]]></types:shape>
    </types:type>
    <types:type name="auto_a7aed0bd-de5c-4e40-99ba-a55cf96cd7ba_Input-Attributes" format="java">
      <types:shape format="weave" example="weave/autogenerated/a7aed0bd-de5c-4e40-99ba-a55cf96cd7ba/Input-Attributes.wev" autogeneratedOrigin="a90a1df3-567b-4e9f-b626-58e445219d21"><![CDATA[%dw 2.0

type auto_a7aed0bd_de5c_4e40_99ba_a55cf96cd7ba_Input_Attributes = {|
  listenerPath: String, 
  rawRequestPath: String, 
  relativePath: String, 
  maskedRequestPath: String, 
  version: String, 
  scheme: String, 
  method: String, 
  requestUri: String, 
  rawRequestUri: String, 
  queryString: String, 
  localAddress: String, 
  remoteAddress: String, 
  clientCertificate?: java_security_cert_Certificate, 
  queryParams: { _?: String }, 
  uriParams: { _?: String }, 
  requestPath: String, 
  headers: { _?: String }
|} {"typeAlias": "HttpRequestAttributes",
"typeId": "org.mule.extension.http.api.HttpRequestAttributes"}
type java_security_cert_Certificate = {|
  encoded?: Binary, 
  publicKey?: java_security_PublicKey, 
  "type"?: String
|} {"typeAlias": "Certificate",
"typeId": "java.security.cert.Certificate"}
type java_security_PublicKey = {|  |} {"typeAlias": "PublicKey",
"typeId": "java.security.PublicKey"}





]]></types:shape>
    </types:type>
    <types:type name="auto_a7aed0bd-de5c-4e40-99ba-a55cf96cd7ba_Output-Payload" format="java">
      <types:shape format="raml" autogeneratedOrigin="a90a1df3-567b-4e9f-b626-58e445219d21"><![CDATA[#%RAML 1.0 DataType
type: string]]></types:shape>
    </types:type>
    <types:type name="auto_a7aed0bd-de5c-4e40-99ba-a55cf96cd7ba_Output-Attributes" format="java">
      <types:shape format="weave" example="weave/autogenerated/a7aed0bd-de5c-4e40-99ba-a55cf96cd7ba/Output-Attributes.wev" autogeneratedOrigin="a90a1df3-567b-4e9f-b626-58e445219d21"><![CDATA[%dw 2.0

type auto_a7aed0bd_de5c_4e40_99ba_a55cf96cd7ba_Output_Attributes = {|
  listenerPath: String, 
  rawRequestPath: String, 
  relativePath: String, 
  maskedRequestPath: String, 
  version: String, 
  scheme: String, 
  method: String, 
  requestUri: String, 
  rawRequestUri: String, 
  queryString: String, 
  localAddress: String, 
  remoteAddress: String, 
  clientCertificate?: java_security_cert_Certificate, 
  queryParams: { _?: String }, 
  uriParams: { _?: String }, 
  requestPath: String, 
  headers: { _?: String }
|} {"typeAlias": "HttpRequestAttributes",
"typeId": "org.mule.extension.http.api.HttpRequestAttributes"}
type java_security_cert_Certificate = {|
  encoded?: Binary, 
  publicKey?: java_security_PublicKey, 
  "type"?: String
|} {"typeAlias": "Certificate",
"typeId": "java.security.cert.Certificate"}
type java_security_PublicKey = {|  |} {"typeAlias": "PublicKey",
"typeId": "java.security.PublicKey"}





]]></types:shape>
    </types:type>
    <types:type name="auto_f1ccd6f2-2a5b-4729-a8b4-995911b0c782_Input-Payload" format="java">
      <types:shape format="weave" example="weave/autogenerated/f1ccd6f2-2a5b-4729-a8b4-995911b0c782/Input-Payload.wev" autogeneratedOrigin="74a8fd18-0d35-4abd-829e-e4a5b9cb97f5"><![CDATA[%dw 2.0

type auto_f1ccd6f2_2a5b_4729_a8b4_995911b0c782_Input_Payload = Any

]]></types:shape>
    </types:type>
    <types:type name="auto_f1ccd6f2-2a5b-4729-a8b4-995911b0c782_Input-Attributes" format="java">
      <types:shape format="weave" example="weave/autogenerated/f1ccd6f2-2a5b-4729-a8b4-995911b0c782/Input-Attributes.wev" autogeneratedOrigin="74a8fd18-0d35-4abd-829e-e4a5b9cb97f5"><![CDATA[%dw 2.0

type auto_f1ccd6f2_2a5b_4729_a8b4_995911b0c782_Input_Attributes = {|
  listenerPath: String, 
  rawRequestPath: String, 
  relativePath: String, 
  maskedRequestPath: String, 
  version: String, 
  scheme: String, 
  method: String, 
  requestUri: String, 
  rawRequestUri: String, 
  queryString: String, 
  localAddress: String, 
  remoteAddress: String, 
  clientCertificate?: java_security_cert_Certificate, 
  queryParams: { _?: String }, 
  uriParams: { _?: String }, 
  requestPath: String, 
  headers: { _?: String }
|} {"typeAlias": "HttpRequestAttributes",
"typeId": "org.mule.extension.http.api.HttpRequestAttributes"}
type java_security_cert_Certificate = {|
  encoded?: Binary, 
  publicKey?: java_security_PublicKey, 
  "type"?: String
|} {"typeAlias": "Certificate",
"typeId": "java.security.cert.Certificate"}
type java_security_PublicKey = {|  |} {"typeAlias": "PublicKey",
"typeId": "java.security.PublicKey"}





]]></types:shape>
    </types:type>
    <types:type name="auto_f1ccd6f2-2a5b-4729-a8b4-995911b0c782_Output-Payload" format="java">
      <types:shape format="raml" autogeneratedOrigin="74a8fd18-0d35-4abd-829e-e4a5b9cb97f5"><![CDATA[#%RAML 1.0 DataType
type: string]]></types:shape>
    </types:type>
    <types:type name="auto_f1ccd6f2-2a5b-4729-a8b4-995911b0c782_Output-Attributes" format="java">
      <types:shape format="weave" example="weave/autogenerated/f1ccd6f2-2a5b-4729-a8b4-995911b0c782/Output-Attributes.wev" autogeneratedOrigin="74a8fd18-0d35-4abd-829e-e4a5b9cb97f5"><![CDATA[%dw 2.0

type auto_f1ccd6f2_2a5b_4729_a8b4_995911b0c782_Output_Attributes = {|
  listenerPath: String, 
  rawRequestPath: String, 
  relativePath: String, 
  maskedRequestPath: String, 
  version: String, 
  scheme: String, 
  method: String, 
  requestUri: String, 
  rawRequestUri: String, 
  queryString: String, 
  localAddress: String, 
  remoteAddress: String, 
  clientCertificate?: java_security_cert_Certificate, 
  queryParams: { _?: String }, 
  uriParams: { _?: String }, 
  requestPath: String, 
  headers: { _?: String }
|} {"typeAlias": "HttpRequestAttributes",
"typeId": "org.mule.extension.http.api.HttpRequestAttributes"}
type java_security_cert_Certificate = {|
  encoded?: Binary, 
  publicKey?: java_security_PublicKey, 
  "type"?: String
|} {"typeAlias": "Certificate",
"typeId": "java.security.cert.Certificate"}
type java_security_PublicKey = {|  |} {"typeAlias": "PublicKey",
"typeId": "java.security.PublicKey"}





]]></types:shape>
    </types:type>
  </types:catalog>
  <types:enrichment select="#4ab5d9b0-43c9-4e7f-96c3-312359a3728c">
    <types:processor-declaration>
      <types:input-event>
        <types:message>
          <types:payload type="auto_4ab5d9b0-43c9-4e7f-96c3-312359a3728c_Input-Payload"/>
          <types:attributes type="auto_4ab5d9b0-43c9-4e7f-96c3-312359a3728c_Input-Attributes"/>
        </types:message>
      </types:input-event>
      <types:output-event>
        <types:message>
          <types:payload type="auto_4ab5d9b0-43c9-4e7f-96c3-312359a3728c_Output-Payload"/>
          <types:attributes type="null"/>
        </types:message>
      </types:output-event>
    </types:processor-declaration>
  </types:enrichment>
  <types:enrichment select="#e5cff561-1587-458e-88b5-14ffd44650c3">
    <types:processor-declaration>
      <types:input-event>
        <types:message>
          <types:payload type="auto_e5cff561-1587-458e-88b5-14ffd44650c3_Input-Payload"/>
          <types:attributes type="auto_e5cff561-1587-458e-88b5-14ffd44650c3_Input-Attributes"/>
        </types:message>
      </types:input-event>
      <types:output-event>
        <types:message>
          <types:payload type="auto_e5cff561-1587-458e-88b5-14ffd44650c3_Output-Payload"/>
          <types:attributes type="auto_e5cff561-1587-458e-88b5-14ffd44650c3_Output-Attributes"/>
        </types:message>
      </types:output-event>
    </types:processor-declaration>
  </types:enrichment>
  <types:enrichment select="#23e0b38b-82f7-44db-9f32-f181f87158f2">
    <types:processor-declaration>
      <types:input-event>
        <types:message>
          <types:payload type="auto_23e0b38b-82f7-44db-9f32-f181f87158f2_Input-Payload"/>
          <types:attributes type="auto_23e0b38b-82f7-44db-9f32-f181f87158f2_Input-Attributes"/>
        </types:message>
      </types:input-event>
      <types:output-event>
        <types:message>
          <types:payload type="auto_23e0b38b-82f7-44db-9f32-f181f87158f2_Output-Payload"/>
          <types:attributes type="auto_23e0b38b-82f7-44db-9f32-f181f87158f2_Output-Attributes"/>
        </types:message>
      </types:output-event>
    </types:processor-declaration>
  </types:enrichment>
  <types:enrichment select="#d6efbc0c-d6f2-4d98-9b20-3aad682c80ca">
    <types:processor-declaration>
      <types:input-event>
        <types:message>
          <types:payload type="auto_d6efbc0c-d6f2-4d98-9b20-3aad682c80ca_Input-Payload"/>
          <types:attributes type="auto_d6efbc0c-d6f2-4d98-9b20-3aad682c80ca_Input-Attributes"/>
        </types:message>
      </types:input-event>
      <types:output-event>
        <types:message>
          <types:payload type="auto_d6efbc0c-d6f2-4d98-9b20-3aad682c80ca_Output-Payload"/>
          <types:attributes type="null"/>
        </types:message>
      </types:output-event>
    </types:processor-declaration>
  </types:enrichment>
  <types:enrichment select="#a7aed0bd-de5c-4e40-99ba-a55cf96cd7ba">
    <types:processor-declaration>
      <types:input-event>
        <types:message>
          <types:payload type="auto_a7aed0bd-de5c-4e40-99ba-a55cf96cd7ba_Input-Payload"/>
          <types:attributes type="auto_a7aed0bd-de5c-4e40-99ba-a55cf96cd7ba_Input-Attributes"/>
        </types:message>
      </types:input-event>
      <types:output-event>
        <types:message>
          <types:payload type="auto_a7aed0bd-de5c-4e40-99ba-a55cf96cd7ba_Output-Payload"/>
          <types:attributes type="auto_a7aed0bd-de5c-4e40-99ba-a55cf96cd7ba_Output-Attributes"/>
        </types:message>
      </types:output-event>
    </types:processor-declaration>
  </types:enrichment>
  <types:enrichment select="#f1ccd6f2-2a5b-4729-a8b4-995911b0c782">
    <types:processor-declaration>
      <types:input-event>
        <types:message>
          <types:payload type="auto_f1ccd6f2-2a5b-4729-a8b4-995911b0c782_Input-Payload"/>
          <types:attributes type="auto_f1ccd6f2-2a5b-4729-a8b4-995911b0c782_Input-Attributes"/>
        </types:message>
      </types:input-event>
      <types:output-event>
        <types:message>
          <types:payload type="auto_f1ccd6f2-2a5b-4729-a8b4-995911b0c782_Output-Payload"/>
          <types:attributes type="auto_f1ccd6f2-2a5b-4729-a8b4-995911b0c782_Output-Attributes"/>
        </types:message>
      </types:output-event>
    </types:processor-declaration>
  </types:enrichment>
</types:mule>