<?xml version="1.0" encoding="UTF-8"?>

<mule xmlns:file="http://www.mulesoft.org/schema/mule/file"
	xmlns:http="http://www.mulesoft.org/schema/mule/http" xmlns="http://www.mulesoft.org/schema/mule/core"
	xmlns:doc="http://www.mulesoft.org/schema/mule/documentation"
	xmlns:xsi="http://www.w3.org/2001/XMLSchema-instance" xsi:schemaLocation="
http://www.mulesoft.org/schema/mule/file http://www.mulesoft.org/schema/mule/file/current/mule-file.xsd http://www.mulesoft.org/schema/mule/core http://www.mulesoft.org/schema/mule/core/current/mule.xsd
http://www.mulesoft.org/schema/mule/http http://www.mulesoft.org/schema/mule/http/current/mule-http.xsd">
	 <flow name="testFlow" doc:id="5bb025f0-81a5-4f55-bbf1-b01570836acd" >
    <http:listener doc:name="Listener" doc:id="edd5207c-d6e1-46c9-a7ec-cc01503f892b" config-ref="HTTP_Listener_config" path="/first"/>
		<first-successful doc:name="First Successful" doc:id="fda41c09-4fed-4bde-999f-fb8d23873b29" >
			<route >
				<raise-error doc:name="Raise error" doc:id="7ff7f5a8-2328-4d56-a5dd-7d6e67e53486" type="APP:DEMO" description="Error Route"/>
			</route>
			<route >
				<set-payload value="Successful Route" doc:name="Set Payload" doc:id="c6b57afe-d571-479a-a980-a2b1ca49b869" />
			</route>

    </first-successful>
  
</flow>
</mule>
