<?xml version="1.0" encoding="UTF-8"?>

<mule xmlns:ee="http://www.mulesoft.org/schema/mule/ee/core" xmlns:http="http://www.mulesoft.org/schema/mule/http"
	xmlns="http://www.mulesoft.org/schema/mule/core"
	xmlns:doc="http://www.mulesoft.org/schema/mule/documentation" xmlns:xsi="http://www.w3.org/2001/XMLSchema-instance" xsi:schemaLocation="http://www.mulesoft.org/schema/mule/core http://www.mulesoft.org/schema/mule/core/current/mule.xsd
http://www.mulesoft.org/schema/mule/http http://www.mulesoft.org/schema/mule/http/current/mule-http.xsd
http://www.mulesoft.org/schema/mule/ee/core http://www.mulesoft.org/schema/mule/ee/core/current/mule-ee.xsd">
	<flow name="round-robin-ex" >
  <http:listener doc:name="Listener" doc:id="1e091157-8cf7-4d9d-902a-3b1961fc9d81" config-ref="HTTP_Listener_config" path="/round"/> <!-- 2 -->
  <round-robin doc:name="Round Robin" >
			<route >
				<flow-ref doc:name="Flow Reference" doc:id="5c3d5931-6386-4145-b5ca-54df2aded689" name="rflow1"/>
			</route>
			<route >
				<flow-ref doc:name="Flow Reference" doc:id="411b3bf0-744e-4574-9438-599f56eac0b7" name="rflow2"/>
			</route>
			<route >
				<flow-ref doc:name="Flow Reference" doc:id="a90a1df3-567b-4e9f-b626-58e445219d21" name="rflow3"/>
			</route>
  
</round-robin>
		<ee:transform doc:name="Transform Message" doc:id="df5fa3f8-fa97-41ed-8f77-819980f9d4d7" >
			<ee:message >
				<ee:set-payload ><![CDATA[%dw 2.0
output application/json
---
payload]]></ee:set-payload>
			</ee:message>
		</ee:transform> <!-- 5 -->

</flow>
	<sub-flow name="rflow1" doc:id="23e0b38b-82f7-44db-9f32-f181f87158f2" >
		<set-payload value="RR Flow 1" doc:name="Set Payload" doc:id="d3506030-ee8a-4de3-aa3d-b3fd34488b85" />
	</sub-flow>
	<sub-flow name="rflow2" doc:id="d6efbc0c-d6f2-4d98-9b20-3aad682c80ca" >
		<set-payload value="RR Flow 2" doc:name="Set Payload" doc:id="289f61bc-8891-4fda-9ec5-89c6f6de465d" />
	</sub-flow>
	<sub-flow name="rflow3" doc:id="a7aed0bd-de5c-4e40-99ba-a55cf96cd7ba" >
		<set-payload value="RR Flow 3" doc:name="Set Payload" doc:id="26cc8593-be18-48a4-9f27-dd2ecfa76139" />
	</sub-flow>
	
	
</mule>
