<?xml version="1.0" encoding="UTF-8"?>

<mule xmlns:ee="http://www.mulesoft.org/schema/mule/ee/core" xmlns:http="http://www.mulesoft.org/schema/mule/http"
	xmlns="http://www.mulesoft.org/schema/mule/core"
	xmlns:doc="http://www.mulesoft.org/schema/mule/documentation" xmlns:xsi="http://www.w3.org/2001/XMLSchema-instance" xsi:schemaLocation="http://www.mulesoft.org/schema/mule/core http://www.mulesoft.org/schema/mule/core/current/mule.xsd
http://www.mulesoft.org/schema/mule/http http://www.mulesoft.org/schema/mule/http/current/mule-http.xsd
http://www.mulesoft.org/schema/mule/ee/core http://www.mulesoft.org/schema/mule/ee/core/current/mule-ee.xsd">
	<http:listener-config name="HTTP_Listener_config" doc:name="HTTP Listener config" doc:id="183aa98a-1fc5-4433-a30b-b459f9a1e05f" >
		<http:listener-connection host="0.0.0.0" port="8081" />
	</http:listener-config>
	<flow name="event-flow-controlFlow" doc:id="f5810184-21f3-46e9-b2da-1b18564d1828" >
		<http:listener doc:name="Listener" doc:id="12aba134-70d0-4b86-8731-558fbed59275" config-ref="HTTP_Listener_config" path="/scatter"/>
		<scatter-gather doc:name="Scatter-Gather" doc:id="ff09a5ec-bf97-4cbc-bb86-1d9ceeaaf151" >
			<route >
				<flow-ref doc:name="Flow Reference" doc:id="0f5af31d-1f6b-4d18-bb7a-27b945928957" name="subflow1"/>
			</route>
			<route >
				<flow-ref doc:name="Flow Reference" doc:id="67a6da2e-93bf-4dbb-8b86-2f5313846d21" name="flow2"/>
			</route>
			<route >
				<flow-ref doc:name="Flow Reference" doc:id="74a8fd18-0d35-4abd-829e-e4a5b9cb97f5" name="subflow3"/>
			</route>
		</scatter-gather>
		<ee:transform doc:name="Transform Message" doc:id="639e4ddd-42ea-4f5a-810b-663f79182cfa" >
			<ee:message >
				<ee:set-payload ><![CDATA[%dw 2.0
output application/json
---
payload..payload]]></ee:set-payload>
			</ee:message>
		</ee:transform>
	</flow>
	<sub-flow name="subflow1" doc:id="4ab5d9b0-43c9-4e7f-96c3-312359a3728c" >
		<set-payload value="Flow 1" doc:name="Set Payload" doc:id="d42c705c-eac5-484b-813c-2b76f4c11c28" />
	</sub-flow>
	<flow name="flow2" doc:id="e5cff561-1587-458e-88b5-14ffd44650c3" >
		<set-payload value="Flow 2" doc:name="Set Payload" doc:id="31878d7e-2134-4c5e-9022-aace96070552" />
	</flow>
	<sub-flow name="subflow3" doc:id="f1ccd6f2-2a5b-4729-a8b4-995911b0c782" >
		<set-payload value="Subflow 3" doc:name="Set Payload" doc:id="8c6a4246-dedc-4060-8787-11a174a6030a" />
	</sub-flow>
</mule>
